-- phpMyAdmin SQL Dump
-- version 5.1.3
-- https://www.phpmyadmin.net/
--
-- Host: 127.0.0.1
-- Waktu pembuatan: 02 Bulan Mei 2023 pada 16.39
-- Versi server: 10.4.24-MariaDB
-- Versi PHP: 7.4.28

SET SQL_MODE = "NO_AUTO_VALUE_ON_ZERO";
START TRANSACTION;
SET time_zone = "+00:00";


/*!40101 SET @OLD_CHARACTER_SET_CLIENT=@@CHARACTER_SET_CLIENT */;
/*!40101 SET @OLD_CHARACTER_SET_RESULTS=@@CHARACTER_SET_RESULTS */;
/*!40101 SET @OLD_COLLATION_CONNECTION=@@COLLATION_CONNECTION */;
/*!40101 SET NAMES utf8mb4 */;

--
-- Database: `db_perpus`
--

-- --------------------------------------------------------

--
-- Struktur dari tabel `anggota`
--

CREATE TABLE `anggota` (
  `anggota_id` int(10) UNSIGNED NOT NULL,
  `anggota_nama` varchar(50) NOT NULL,
  `anggota_alamat` text NOT NULL,
  `anggota_jk` enum('L','P') NOT NULL,
  `anggota_telp` varchar(14) NOT NULL
) ENGINE=InnoDB DEFAULT CHARSET=latin1;

--
-- Dumping data untuk tabel `anggota`
--

INSERT INTO `anggota` (`anggota_id`, `anggota_nama`, `anggota_alamat`, `anggota_jk`, `anggota_telp`) VALUES
(4, 'Bayu', 'Denpasar', 'L', '087863526254'),
(5, 'Gusbram', 'Gianyar', 'L', '085746372615'),
(6, 'Intan', 'Denpasar', 'P', '081672654543'),
(7, 'Rida', 'Denpasar', 'P', '085654324543');

-- --------------------------------------------------------

--
-- Struktur dari tabel `buku`
--

CREATE TABLE `buku` (
  `buku_id` int(10) UNSIGNED NOT NULL,
  `buku_judul` varchar(50) NOT NULL,
  `kategori_id` int(11) UNSIGNED NOT NULL,
  `buku_deskripsi` text DEFAULT NULL,
  `buku_jumlah` int(11) UNSIGNED NOT NULL,
  `buku_cover` varchar(50) DEFAULT NULL
) ENGINE=InnoDB DEFAULT CHARSET=latin1;

--
-- Dumping data untuk tabel `buku`
--

INSERT INTO `buku` (`buku_id`, `buku_judul`, `kategori_id`, `buku_deskripsi`, `buku_jumlah`, `buku_cover`) VALUES
(10, 'Bibiliografi', 17, '', 3, ''),
(11, 'Filsafat dan psikologi', 18, '', 5, ''),
(14, 'Agama Hindu', 19, '', 5, ''),
(15, 'Ilmu sosial', 20, '', 5, ''),
(16, 'Bahasa Indonesia', 21, '', 5, ''),
(17, 'Matematika', 22, '', 5, ''),
(18, 'Teknik Kimia', 23, '', 5, ''),
(19, 'Fotografi, Film, Video', 24, '', 5, ''),
(20, 'Literatur dan Sastra', 25, '', 5, ''),
(21, 'Asal–Usul Eropa', 26, '', 5, '');

-- --------------------------------------------------------

--
-- Struktur dari tabel `kategori`
--

CREATE TABLE `kategori` (
  `kategori_id` int(10) UNSIGNED NOT NULL,
  `kategori_nama` varchar(50) NOT NULL
) ENGINE=InnoDB DEFAULT CHARSET=latin1;

--
-- Dumping data untuk tabel `kategori`
--

INSERT INTO `kategori` (`kategori_id`, `kategori_nama`) VALUES
(17, 'Umum'),
(18, 'Filsafat dan Psikologi'),
(19, 'Agama'),
(20, 'Sosial'),
(21, 'Bahasa'),
(22, 'Sains dan Matematika'),
(23, 'Teknologi'),
(24, 'Seni dan Rekreasi'),
(25, 'Literartur dan Sastra'),
(26, 'Sejarah dan Geografi');

-- --------------------------------------------------------

--
-- Struktur dari tabel `kembali`
--

CREATE TABLE `kembali` (
  `kembali_id` int(11) UNSIGNED NOT NULL,
  `pinjam_id` int(11) UNSIGNED NOT NULL,
  `tgl_kembali` date NOT NULL,
  `denda` double UNSIGNED NOT NULL
) ENGINE=InnoDB DEFAULT CHARSET=latin1;

--
-- Dumping data untuk tabel `kembali`
--

INSERT INTO `kembali` (`kembali_id`, `pinjam_id`, `tgl_kembali`, `denda`) VALUES
(9, 17, '2023-05-01', 0);

-- --------------------------------------------------------

--
-- Struktur dari tabel `petugas`
--

CREATE TABLE `petugas` (
  `petugas_id` int(10) UNSIGNED NOT NULL,
  `petugas_nama` varchar(50) NOT NULL,
  `username` varchar(50) NOT NULL,
  `password_petugas` varchar(50) NOT NULL
) ENGINE=InnoDB DEFAULT CHARSET=latin1;

--
-- Dumping data untuk tabel `petugas`
--

INSERT INTO `petugas` (`petugas_id`, `petugas_nama`, `username`, `password_petugas`) VALUES
(3, 'Ivan Mesa', 'Ivan', 'e10adc3949ba59abbe56e057f20f883e'),
(4, 'Weda Primantara', 'weda', 'e10adc3949ba59abbe56e057f20f883e');

-- --------------------------------------------------------

--
-- Struktur dari tabel `pinjam`
--

CREATE TABLE `pinjam` (
  `pinjam_id` int(10) UNSIGNED NOT NULL,
  `buku_id` int(11) UNSIGNED NOT NULL,
  `anggota_id` int(11) UNSIGNED NOT NULL,
  `tgl_pinjam` date NOT NULL,
  `tgl_jatuh_tempo` date NOT NULL
) ENGINE=InnoDB DEFAULT CHARSET=latin1;

--
-- Dumping data untuk tabel `pinjam`
--

INSERT INTO `pinjam` (`pinjam_id`, `buku_id`, `anggota_id`, `tgl_pinjam`, `tgl_jatuh_tempo`) VALUES
(17, 19, 6, '2023-05-02', '2023-05-06'),
(18, 10, 4, '2023-04-01', '2023-04-10'),
(19, 10, 4, '2023-05-01', '2023-05-03');

--
-- Indexes for dumped tables
--

--
-- Indeks untuk tabel `anggota`
--
ALTER TABLE `anggota`
  ADD PRIMARY KEY (`anggota_id`);

--
-- Indeks untuk tabel `buku`
--
ALTER TABLE `buku`
  ADD PRIMARY KEY (`buku_id`),
  ADD KEY `kategori_id` (`kategori_id`);

--
-- Indeks untuk tabel `kategori`
--
ALTER TABLE `kategori`
  ADD PRIMARY KEY (`kategori_id`);

--
-- Indeks untuk tabel `kembali`
--
ALTER TABLE `kembali`
  ADD PRIMARY KEY (`kembali_id`),
  ADD KEY `pinjam_id` (`pinjam_id`);

--
-- Indeks untuk tabel `petugas`
--
ALTER TABLE `petugas`
  ADD PRIMARY KEY (`petugas_id`);

--
-- Indeks untuk tabel `pinjam`
--
ALTER TABLE `pinjam`
  ADD PRIMARY KEY (`pinjam_id`),
  ADD KEY `anggota_id` (`anggota_id`),
  ADD KEY `buku_id` (`buku_id`);

--
-- AUTO_INCREMENT untuk tabel yang dibuang
--

--
-- AUTO_INCREMENT untuk tabel `anggota`
--
ALTER TABLE `anggota`
  MODIFY `anggota_id` int(10) UNSIGNED NOT NULL AUTO_INCREMENT, AUTO_INCREMENT=8;

--
-- AUTO_INCREMENT untuk tabel `buku`
--
ALTER TABLE `buku`
  MODIFY `buku_id` int(10) UNSIGNED NOT NULL AUTO_INCREMENT, AUTO_INCREMENT=23;

--
-- AUTO_INCREMENT untuk tabel `kategori`
--
ALTER TABLE `kategori`
  MODIFY `kategori_id` int(10) UNSIGNED NOT NULL AUTO_INCREMENT, AUTO_INCREMENT=27;

--
-- AUTO_INCREMENT untuk tabel `kembali`
--
ALTER TABLE `kembali`
  MODIFY `kembali_id` int(11) UNSIGNED NOT NULL AUTO_INCREMENT, AUTO_INCREMENT=10;

--
-- AUTO_INCREMENT untuk tabel `petugas`
--
ALTER TABLE `petugas`
  MODIFY `petugas_id` int(10) UNSIGNED NOT NULL AUTO_INCREMENT, AUTO_INCREMENT=5;

--
-- AUTO_INCREMENT untuk tabel `pinjam`
--
ALTER TABLE `pinjam`
  MODIFY `pinjam_id` int(10) UNSIGNED NOT NULL AUTO_INCREMENT, AUTO_INCREMENT=20;

--
-- Ketidakleluasaan untuk tabel pelimpahan (Dumped Tables)
--

--
-- Ketidakleluasaan untuk tabel `buku`
--
ALTER TABLE `buku`
  ADD CONSTRAINT `buku_ibfk_1` FOREIGN KEY (`kategori_id`) REFERENCES `kategori` (`kategori_id`);

--
-- Ketidakleluasaan untuk tabel `kembali`
--
ALTER TABLE `kembali`
  ADD CONSTRAINT `kembali_ibfk_1` FOREIGN KEY (`pinjam_id`) REFERENCES `pinjam` (`pinjam_id`) ON DELETE CASCADE ON UPDATE CASCADE;

--
-- Ketidakleluasaan untuk tabel `pinjam`
--
ALTER TABLE `pinjam`
  ADD CONSTRAINT `pinjam_ibfk_1` FOREIGN KEY (`buku_id`) REFERENCES `buku` (`buku_id`) ON DELETE NO ACTION ON UPDATE NO ACTION,
  ADD CONSTRAINT `pinjam_ibfk_2` FOREIGN KEY (`anggota_id`) REFERENCES `anggota` (`anggota_id`) ON DELETE NO ACTION ON UPDATE NO ACTION;
COMMIT;

/*!40101 SET CHARACTER_SET_CLIENT=@OLD_CHARACTER_SET_CLIENT */;
/*!40101 SET CHARACTER_SET_RESULTS=@OLD_CHARACTER_SET_RESULTS */;
/*!40101 SET COLLATION_CONNECTION=@OLD_COLLATION_CONNECTION */;
